artist,browseId
Billy Strings,UCgswh903MyFOXFEMA9lVUBg
Sam Armstrong-Zickefoose,UCC6fbet1VzIzRX_7IKyT0Zw
AJ Lee & Blue Summit,UCcITGjmLwFVNgwAG2_1VDuw
The Lazy Eyes,UC1RtAdXeFwusy_C4iOQr-1A
Frank Solivan & Dirty Kitchen,UCF6fiU6lyxwoWuKJofPNmog
Circadian Melodies,UCD2fHu5BabUbOx3lgXFDilw
The Pretty Shabbies,UCcFVP8AmjM1SDb4tfp7E1wQ
Rob Jenkins,UC--xNNt6RArX4xe_YMRU4qw
Alex Regeimbal,UCdYh4P_TzoYs6RBelIHvsZw
Grateful Dead,UC9dWluHyEwvIj5NNs7KkJ0A
Doc Watson,UCoSK0UR9t70chzDva7jCQhw
Mighty Poplar,UCV1yPWV6BOXzWEyAQVNsfug
Phish,UCHzSA59X-pZa_nfvvcf_qcQ
Norman Blake,UCjo54A_XdjbDPPq7OkuEDow
Ween,UCXWUt1Cu2hVZYTaJ44ddusA
David Grisman,UCh8t9xNgcxHZ2K89-NhMcJg
Tony Rice,UCEkbN8kSWpXuC1bfVYUDTlg
The Roches,UCx5jRunFqPUITn8pRbG6Kcw
State Azure,UC-6hZ28hOv7epr6zUFE84pA
Gear Daddies,UCuRF6RUGL4fUTBqqxhq1Jkw
The Winston Brothers,UCIMuZ0B4VdePDSpkT_kwXOg
Circus Contraption,UCylJkbXaQJD1_cE-dOalXXg
The Little Willies,UCvo0kvi4sj7q4Wtbc1SG6Ww
The Duhks,UC7SEqKRicJPa_Z_v_LNs-kg
Jane Archer and the Reactionaries,UCAFzJKmu_pWAU8AmYqhmflA
Hot Day at the Zoo,UC_JXERl0kEzY34bpak-Igng
Alexa Rose,UCNK4qYuUDbDwpETeRohIL9g
Postmodern Jukebox,UCsKNSQ8uQr4c8wRvBIzkWNA
Wings That Buzz,UCJf73k28Q9zWz23MzxYv8Tw
Ethan Larsh,UCIKDNuBQYuKz5uElMGkYDPQ
Nick Hornbuckle,UC3zMMNzKknJmHFKiEYAm5fg
Leyla McCalla,UCyeBZWWIMgnvNvJyCxC73qg
Hermanos Gutiérrez,UC80iwcArxltADbfXSS9oGCQ
The Infamous Stringdusters,UCKQ0rm0YnZ-9TrzATsy7zWA
Anterra,UCxOYXiR1x4M5P2I5NklHMeA
Pappy,UCzmJc2G_R0pSsOFsMVev9zg
Cabinet,UCHA89LwLMJicdlEK2pgTxIg
Mischief Brew,UCTqXbUCU9mXu3HGvWdYRnMQ
Tati Falco,UC5UDm8Hdw2ZiIHrI2B7tWTg
Ivan The Tolerable and his Elastic Band,UCt3ezHFoJ0xyu9p6YnkhYOg
Vandaveer,UCTJzmSIH6y_9F2vzg5LSq3Q
The Clark McLane Band,UCRxux_o8-jpK2KZ-Hylik7A
Lightbath,UCCFXmVyYCGdU57XtK-c5iTw
Mac DeMarco,UCs95LJSHhdVhYQLvqsZqp_A
Florian T M Zeisig,UCObbG5GQMkkvZu8iRhyEvDQ
Chuck Darwin & the Knuckle Draggers,UCyRSbITsZC5Z8b4mChxYyIA
Reverend Kristin Michael Hayter,UCHrkDw-ZxkeE83BfKiJLs-w
Kanaan,UCIUaTGSkwFTDh88UVLEWMmw
Dom Flemons,UCvxwpLHucf5kj5sEkXIvdKA
Tuba Skinny,UCMwkLMFwXZ4IIuTVeUdD9Zg
Ott,UCQ4wBzkVgNQz-tVoJmzm1iA
Mama's Broke,UC3c_23jP7Q5XepZABeM7B0g
Jacob Jolliff,UCh1hrGxafFlGAxTqKDCvvFw
Jonny Nash,UCWtmal1Dvp0I1gl6MvTbITg
Cristina Vane,UCb8a18nV5KeOAi5ur9_8ESg
Fourteen Days,UCAkK4tNIxtg5n53Q6AY3_Hw
Big Richard,UCdqnF25GrRtR3jEOHVGzYzw
Lucas Lawson,UCJtx3BCJ2NzH7w-B-bzT-3w
Spinphony,UCp1DD5Uhzr9h9Y1JYJ4zYVw
Mötley Crüe,UCaeBWvnAVVgyfFT-gnWwURg
Nice Guys,UCT0fG5K4v7ryrzFtCjaW_mQ
Amon Tobin,UCCbVPlwGMWlYTzFDyt5LUNQ
Etran De L'Aïr,UCgJF5fQkGwz9Hd3yXxgM_FA
Random Rab,UCqZu5xNSrAAU7YLegcfLvDA
Kelsey Waldon,UC7_0ZOq3-VTRqnVbB5txiIg
Ivan The Tolerable,UCE_mziq1BsjSNVFKPwfJ1IA
Magic Tuber Stringband,UCV0dWQ-d1Td7J866cT5pK8Q
Sam Platts And The Plainsmen,UCUqPlpJNdGjT1zJnjmXJBKA
SVLBRD,UC06bSNzqD-WE-6OAyY6oOjg
David Benedict,UCuEbATNJ3KJsGBs4QurSZcQ
Chihei Hatakeyama,UCnW1zAfxQb2fuJQx3rCK1bw
Paperclip Minimiser,UCALubL_kdGldCx_kZxuJsAw
Loscil,UC9EE9HaPwLsC7F6C9Po0HVg
Wax Tailor,UC6-3Uf3SgBam_m-D0sU1SLg
Fluxion,UClbOZ7r1seOOphqgqVjqq2A
Jaja,UCqUHRmb6Yjr4qde-40Jjlbw
Dengue Dengue Dengue,UC3h3uUKgLoxVUxP14mrVZgQ
The Dustbowl Revival,UC1d5kzPHT0dpK6q_LQe_n0w
Sven Wunder,UCk2VOU3pHyB2KU_fdA8hn5Q
Pinecastle Records,UCvuWGrrynNrlDE9iYpnUUuQ
Foghorn Stringband,UCRbysAtZhju2vHPcfxRinog
Ned Luberecki,UCILmTKAn7ZllEmIu43nImgQ
Rachel Baiman,UCq2wiHxNYEClb70Oa7MsFCg
El Búho,UCqVINqsjnckrB0fZdPyqTtQ
The Corn Potato String Band,UC2KfW0843dSjRWX5o6j9GNg
Trentemøller,UCVKQD_Paj5SopCxS-qudbHg
Espers,UCffhELrauWPxjFzkHPo_GSA
Ki Oni,UCB2ZpUK5SDRy0ePVA_R-l4g
Jake Blount,UCNfQDWWJtoQl8YdKMQ3oaLw
Simon Posford,UCMiqb0R1n4fnqZQkKmseLgA
Opa Tsupa,UCRGwVNhuaptW8dQcO_AKa0w
"Chicken Chokers, The",UCDDOIk8tdQxUuDCOoSanKVA
Cafe Accordion Orchestra,UCVvXsA-PVozTrYG1aq2Dcmg
Noam Pikelny,UCIYBNa25VarLPTdcw_NdOgA
Jake Eddy,UCZPhccid43cMdbrgJ-1MP4A
Sierra Ferrell,UC5YjFzZESHnqNxzFBMVrR4w
The Jim Kweskin Jug Band,UCwhg7vPIykxV2_jBAyFuMWw
Kikagaku Moyo,UCNaS4ou9KLFO5YjEQkjuUwA
The Arcadian Wild,UC6WPbjsS1jlpfA0ve6779pA
Stars of the Lid,UCkMYV7hVzSgOako9Vo584-Q
Bluetech,UCnJt4LmlQIkFTcCFfxCRlXw
RJD2,UCi4oHqkqejwf7RWmHKaKKkA
The Appleseed Collective,UCxj04Bdb_tEiQtxY2ffmvdw
Hawktail,UCVCj1g2wXBVOXozmTnEG4FA
Múm,UC3fHor1Rfy3i7tZ-DygPaeA
Aaron Jonah Lewis,UCi4uZ0LCfRi1sTngIUsbvHg
The Plate Scrapers,UCFxOrG2kjgfaDxih56Mp-AA
John Hartford,UChrkgc4pe3yQKLpLsk9DgpA
Kingzeek,UCFbqzwQFiWIsbRTPDP3g1eg
